,job
0,65
1,70
2,70
3,70
4,85
5,70
6,85
7,100
8,70
9,65
10,70
11,95
12,85
13,65
14,85
15,70
16,85
17,85
18,100
19,65
20,70
21,75
22,75
23,90
24,75
25,75
26,75
27,65
28,85
29,85
30,75
31,70
32,75
33,65
34,75
35,65
36,65
37,90
38,75
39,55
40,70
41,65
42,80
43,100
44,60
45,90
46,85
47,85
48,70
49,70
50,80
51,65
52,90
53,75
54,85
55,100
56,85
57,85
58,85
59,85
60,100
61,65
62,85
63,70
64,65
65,85
66,75
67,70
68,65
69,95
70,75
71,70
72,85
73,90
74,75
75,85
76,85
77,95
78,52
79,75
80,75
81,85
82,70
83,80
84,100
85,85
86,52
87,70
88,85
89,65
90,52
91,65
92,65
93,95
94,65
95,90
96,80
97,75
98,90
99,85
100,90
101,85
102,70
103,85
104,70
105,70
106,100
107,65
108,65
109,90
110,85
111,65
112,65
113,90
114,85
115,100
116,90
117,70
118,65
119,80
120,95
121,65
122,70
123,65
124,100
125,75
126,65
127,85
128,80
129,95
130,90
131,90
132,85
133,70
134,75
135,80
136,85
137,85
138,75
139,65
140,75
141,75
142,85
143,75
144,70
145,65
146,70
147,75
148,50
149,85
150,60
151,65
152,85
153,52
154,75
155,65
156,65
157,70
158,75
159,85
160,52
161,85
162,85
163,85
164,70
165,85
166,85
167,65
168,70
169,85
170,65
171,85
172,70
173,70
174,75
175,75
176,65
177,80
178,85
179,65
180,90
181,100
182,75
183,90
184,80
185,90
186,85
187,65
188,95
189,65
190,65
191,60
192,75
193,70
194,65
195,65
196,65
197,75
198,75
199,55
200,55
201,85
202,95
203,70
204,85
205,65
206,90
207,90
208,70
209,65
210,100
211,70
212,75
213,65
214,85
215,70
216,90
217,85
218,65
219,80
220,55
221,100
222,85
223,90
224,65
225,75
226,80
227,65
228,80
229,50
230,65
231,70
232,52
233,85
234,80
235,65
236,65
237,70
238,70
239,50
240,65
241,75
242,70
243,90
244,75
245,65
246,60
247,85
248,95
249,85
250,85
251,85
252,75
253,90
254,75
255,90
256,85
257,65
258,85
259,95
260,75
261,75
262,85
263,65
264,85
265,70
266,52
267,52
268,65
269,60
270,85
271,65
272,80
273,70
274,75
275,70
276,65
277,85
278,55
279,100
280,65
281,90
282,95
283,95
284,75
285,60
286,65
287,65
288,75
289,65
290,65
291,85
292,75
293,90
294,65
295,90
296,85
297,65
298,75
299,52
300,75
301,100
302,80
303,85
304,95
305,65
306,65
307,85
308,65
309,85
310,85
311,85
312,75
313,85
314,80
315,85
316,65
317,85
318,85
319,100
320,65
321,60
322,85
323,70
324,65
325,85
326,85
327,75
328,70
329,85
330,85
331,95
332,100
333,90
334,65
335,100
336,85
337,52
338,80
339,75
340,85
341,75
342,70
343,70
344,50
345,65
346,95
347,65
348,65
349,85
350,85
351,75
352,85
353,75
354,50
355,100
356,70
357,85
358,85
359,70
360,85
361,65
362,52
363,70
364,75
365,65
366,85
367,90
368,90
369,65
370,85
371,70
372,52
373,65
374,90
375,75
376,100
377,65
378,85
379,85
380,65
381,52
382,85
383,70
384,85
385,52
386,70
387,75
388,85
389,85
390,90
391,75
392,95
393,75
394,85
395,85
396,65
397,85
398,95
399,85
400,90
401,95
402,75
403,85
404,75
405,80
406,65
407,75
408,75
409,100
410,65
411,65
412,65
413,85
414,65
415,85
416,65
417,75
418,75
419,90
420,65
421,85
422,75
423,55
424,90
425,65
426,85
427,75
428,85
429,65
430,65
431,65
432,100
433,85
434,85
435,85
436,90
437,95
438,65
439,55
440,90
441,52
442,85
443,65
444,85
445,65
446,70
447,85
448,60
449,75
450,80
451,90
452,90
453,75
454,75
455,65
456,100
457,90
458,75
459,85
460,95
461,70
462,90
463,75
464,65
465,60
466,90
467,50
468,70
469,95
470,70
471,65
472,85
473,75
474,65
475,75
476,85
477,55
478,85
479,75
480,50
481,95
482,65
483,75
484,85
485,65
486,100
487,65
488,85
489,70
490,65
491,90
492,100
493,65
494,90
495,75
496,65
497,85
498,65
499,50
500,85
501,50
502,90
503,95
504,60
505,65
506,75
507,90
508,75
509,90
510,65
511,85
512,65
513,65
514,65
515,65
516,85
517,90
518,95
519,75
520,80
521,85
522,70
523,85
524,65
525,85
526,100
527,65
528,50
529,100
530,65
531,75
532,52
533,65
534,65
535,65
536,85
537,80
538,90
539,70
540,100
541,75
542,85
543,65
544,65
545,75
546,65
547,65
548,85
549,95
550,52
551,55
552,75
553,55
554,75
555,75
556,52
557,85
558,75
559,90
560,85
561,52
562,75
563,80
564,75
565,65
566,75
567,65
568,65
569,85
570,90
571,65
572,60
573,70
574,65
575,85
576,85
577,85
578,65
579,65
580,85
581,75
582,75
583,70
584,85
585,75
586,75
587,90
588,90
589,90
590,75
591,85
592,85
593,75
594,95
595,65
596,65
597,75
598,75
599,85
600,55
601,95
602,75
603,55
604,65
605,85
606,80
607,80
608,75
609,75
610,65
611,85
612,65
613,70
614,85
615,50
616,75
617,65
618,85
619,70
620,90
621,90
622,65
623,90
624,85
625,70
626,90
627,85
628,85
629,85
630,65
631,100
632,65
633,85
634,75
635,85
636,90
637,85
638,85
639,65
640,85
641,65
642,60
643,65
644,75
645,80
646,65
647,65
648,85
649,65
650,65
651,65
652,100
653,70
654,80
655,85
656,75
657,85
658,55
659,65
660,55
661,75
662,85
663,70
664,75
665,65
666,95
667,65
668,65
669,75
670,60
671,52
672,80
673,85
674,52
675,65
676,75
677,65
678,65
679,75
680,90
681,90
682,75
683,90
684,100
685,80
686,65
687,65
688,95
689,100
690,70
691,75
692,52
693,75
694,75
695,85
696,80
697,85
698,75
699,75
700,65
701,90
702,85
703,75
704,65
705,70
706,65
707,55
708,60
709,85
710,65
711,85
712,85
713,85
714,80
715,85
716,85
717,60
718,55
719,65
720,85
721,90
722,85
723,85
724,70
725,95
726,85
727,52
728,90
729,70
730,75
731,65
732,85
733,85
734,85
735,75
736,85
737,75
738,65
739,85
740,85
741,60
742,85
743,75
744,90
745,75
746,65
747,85
748,75
749,75
750,80
751,90
752,55
753,80
754,65
755,65
756,85
757,85
758,85
759,85
760,75
761,80
762,65
763,85
764,80
765,65
766,75
767,80
768,85
769,75
770,75
771,75
772,65
773,75
774,65
775,85
776,75
777,85
778,55
779,85
780,65
781,75
782,85
783,75
784,65
785,75
786,75
787,80
788,90
789,75
790,85
791,75
792,100
793,65
794,75
795,75
796,75
797,85
798,55
799,65
800,85
801,85
802,60
803,80
804,90
805,90
806,70
807,75
808,75
809,75
810,85
811,65
812,90
813,85
814,70
815,65
816,70
817,85
818,85
819,75
820,70
821,85
822,70
823,60
824,70
825,65
826,85
827,75
828,65
829,65
830,75
831,85
832,85
833,75
834,65
835,75
836,65
837,85
838,65
839,100
840,85
841,65
842,65
843,90
844,85
845,90
846,85
847,65
848,85
849,52
850,65
851,85
852,85
853,85
854,85
855,75
856,65
857,65
858,65
859,100
860,65
861,55
862,90
863,70
864,85
865,75
866,85
867,65
868,85
869,70
870,65
871,85
872,75
873,85
874,85
875,75
876,75
877,85
878,75
879,65
880,90
881,85
882,95
883,70
884,65
885,70
886,75
887,70
888,60
889,85
890,95
891,65
892,65
893,85
894,60
895,100
896,95
897,85
898,65
899,55
900,52
901,65
902,85
903,85
904,75
905,80
906,65
907,90
908,55
909,90
910,85
911,75
912,55
913,75
914,70
915,95
916,70
917,65
918,65
919,95
920,70
921,85
922,85
923,75
924,95
925,75
926,65
927,70
928,65
929,65
930,65
931,85
932,85
933,70
934,65
935,65
936,50
937,90
938,65
939,85
940,85
941,65
942,80
943,90
944,80
945,85
946,75
947,85
948,85
949,50
950,85
951,75
952,65
953,85
954,85
955,85
956,85
957,65
958,85
959,75
960,65
961,70
962,70
963,70
964,75
965,75
966,100
967,90
968,65
969,75
970,90
971,85
972,85
973,52
974,65
975,90
976,70
977,55
978,75
979,65
980,75
981,75
982,55
983,65
984,85
985,65
986,80
987,85
988,75
989,65
990,75
991,65
992,70
993,65
994,95
995,100
996,100
997,65
998,75
999,70
1000,52
1001,75
1002,100
1003,65
1004,65
1005,90
1006,85
1007,85
1008,90
1009,85
1010,90
1011,65
1012,85
1013,90
1014,75
1015,85
1016,65
1017,65
1018,75
1019,80
1020,85
1021,85
1022,85
1023,85
1024,75
1025,85
1026,100
1027,85
1028,75
1029,65
1030,75
1031,65
1032,85
1033,90
1034,90
1035,70
1036,65
1037,65
1038,100
1039,70
1040,70
1041,70
1042,90
1043,70
1044,52
1045,85
1046,85
1047,95
1048,70
1049,52
1050,70
1051,85
1052,65
1053,65
1054,70
1055,75
1056,65
1057,95
1058,50
1059,85
1060,80
1061,85
1062,70
1063,65
1064,70
1065,55
1066,70
1067,85
1068,85
1069,65
1070,52
1071,70
1072,85
1073,90
1074,85
1075,70
1076,85
1077,85
1078,75
1079,65
1080,95
1081,75
1082,50
1083,65
1084,52
1085,65
1086,85
1087,70
1088,95
1089,85
1090,65
1091,65
1092,65
1093,85
1094,65
1095,85
1096,90
1097,65
1098,85
1099,75
1100,65
1101,65
1102,85
1103,65
1104,85
1105,75
1106,85
1107,65
1108,50
1109,100
1110,80
1111,75
1112,85
1113,65
1114,65
1115,100
1116,75
1117,70
1118,70
1119,85
1120,95
1121,85
1122,60
1123,60
1124,75
1125,90
1126,65
1127,75
1128,85
1129,65
1130,65
1131,90
1132,85
1133,90
1134,75
1135,70
1136,65
1137,80
1138,65
1139,85
1140,85
1141,85
1142,60
1143,85
1144,85
1145,65
1146,95
1147,85
1148,65
1149,65
1150,100
1151,85
1152,85
1153,52
1154,70
1155,80
1156,70
1157,85
1158,85
1159,75
1160,100
1161,70
1162,85
1163,75
1164,95
1165,65
1166,52
1167,85
1168,65
1169,65
1170,85
1171,65
1172,70
1173,65
1174,90
1175,65
1176,85
1177,70
1178,60
1179,70
1180,100
1181,65
1182,85
1183,90
1184,65
1185,85
1186,95
1187,75
1188,52
1189,75
1190,52
1191,100
1192,65
1193,65
1194,85
1195,70
1196,75
1197,100
1198,90
1199,65
1200,60
1201,70
1202,90
1203,70
1204,65
1205,65
1206,80
1207,100
1208,85
1209,85
1210,65
1211,65
1212,85
1213,70
1214,100
1215,80
1216,70
1217,85
1218,75
1219,80
1220,52
1221,75
1222,75
1223,60
1224,75
1225,70
1226,52
1227,85
1228,85
1229,75
1230,85
1231,75
1232,75
1233,85
1234,75
1235,65
1236,70
1237,65
1238,75
1239,85
1240,65
1241,90
1242,85
1243,70
1244,65
1245,100
1246,52
1247,95
1248,65
1249,95
1250,85
1251,75
1252,85
1253,65
1254,80
1255,75
1256,95
1257,80
1258,70
1259,85
1260,80
1261,85
1262,65
1263,90
1264,55
1265,70
1266,90
1267,65
1268,100
1269,80
1270,85
1271,85
1272,85
1273,85
1274,70
1275,55
1276,65
1277,55
1278,85
1279,65
1280,90
1281,65
1282,50
1283,80
1284,95
1285,95
1286,90
1287,70
1288,70
1289,80
1290,75
1291,90
1292,75
1293,85
1294,90
1295,75
1296,95
1297,52
1298,90
1299,90
1300,70
1301,70
1302,65
1303,85
1304,65
1305,85
1306,75
1307,65
1308,90
1309,65
1310,75
1311,65
1312,90
1313,65
1314,80
1315,80
1316,75
1317,85
1318,85
1319,75
1320,85
1321,75
1322,65
1323,85
1324,70
1325,95
1326,65
1327,75
1328,52
1329,50
1330,70
1331,85
1332,85
1333,80
1334,100
1335,70
1336,70
1337,85
1338,65
1339,70
1340,85
1341,70
1342,90
1343,90
1344,70
1345,85
1346,70
1347,85
1348,65
1349,65
1350,65
1351,52
1352,55
1353,85
1354,65
1355,90
1356,65
1357,85
1358,85
1359,65
1360,65
1361,85
1362,75
1363,80
1364,70
1365,85
1366,100
1367,85
1368,85
1369,75
1370,70
1371,75
1372,90
1373,80
1374,85
1375,70
1376,85
1377,55
1378,65
1379,85
1380,65
1381,70
1382,85
1383,50
1384,100
1385,85
1386,85
1387,75
1388,85
1389,75
1390,65
1391,85
1392,85
1393,90
1394,70
1395,90
1396,65
1397,85
1398,75
1399,85
1400,75
1401,75
1402,85
1403,85
1404,85
1405,65
1406,85
1407,85
1408,95
1409,85
1410,75
1411,75
1412,70
1413,100
1414,52
1415,65
1416,85
1417,75
1418,65
1419,70
1420,65
1421,65
1422,75
1423,100
1424,90
1425,80
1426,65
1427,52
1428,70
1429,85
1430,70
1431,85
1432,65
1433,95
1434,65
1435,70
1436,85
1437,100
1438,85
1439,85
1440,75
1441,95
1442,70
1443,75
1444,60
1445,85
1446,65
1447,65
1448,65
1449,85
1450,65
1451,70
1452,95
1453,85
1454,75
1455,65
1456,70
1457,85
1458,90
1459,90
1460,85
1461,65
1462,75
1463,100
1464,50
1465,75
1466,70
1467,75
1468,80
1469,85
1470,70
1471,75
1472,70
1473,75
1474,70
1475,70
1476,85
1477,55
1478,75
1479,65
1480,90
1481,85
1482,65
1483,65
1484,85
1485,75
1486,75
1487,70
1488,75
1489,80
1490,85
1491,60
1492,75
1493,65
1494,75
1495,90
1496,80
1497,75
1498,60
1499,85
1500,85
1501,85
1502,85
1503,75
1504,65
1505,65
1506,75
1507,85
1508,75
1509,65
1510,55
1511,52
1512,65
1513,52
1514,70
1515,65
1516,85
1517,85
1518,65
1519,85
1520,65
1521,85
1522,85
1523,70
1524,75
1525,85
1526,70
1527,65
1528,65
1529,85
1530,80
1531,80
1532,65
1533,60
1534,65
1535,85
1536,90
1537,75
1538,70
1539,70
1540,80
1541,70
1542,75
1543,80
1544,75
1545,80
1546,85
1547,85
1548,65
1549,70
1550,65
1551,65
1552,75
1553,85
1554,65
1555,75
1556,65
1557,65
1558,85
1559,85
1560,85
1561,90
1562,75
1563,65
1564,85
1565,85
1566,85
1567,65
1568,85
1569,85
1570,70
1571,100
1572,85
1573,90
1574,75
1575,65
1576,75
1577,85
1578,80
1579,70
1580,75
1581,100
1582,70
1583,75
1584,85
1585,70
1586,85
1587,65
1588,90
1589,75
1590,75
1591,80
1592,75
1593,85
1594,85
1595,65
1596,65
1597,85
1598,100
1599,70
1600,95
1601,75
1602,100
1603,95
1604,55
1605,100
1606,65
1607,65
1608,85
1609,85
1610,85
1611,80
1612,80
1613,85
1614,65
1615,70
1616,65
1617,75
1618,50
1619,65
1620,85
1621,85
1622,100
1623,65
1624,60
1625,52
1626,60
1627,65
1628,55
1629,65
1630,65
1631,75
1632,85
1633,65
1634,65
1635,75
1636,95
1637,75
1638,100
1639,85
1640,65
1641,75
1642,50
1643,75
1644,85
1645,85
1646,65
1647,65
1648,90
1649,65
1650,65
1651,80
1652,70
1653,85
1654,90
1655,70
1656,85
1657,65
1658,70
1659,65
1660,75
1661,55
1662,65
1663,65
1664,65
1665,65
1666,52
1667,85
1668,65
1669,65
1670,55
1671,75
1672,80
1673,85
1674,95
1675,90
1676,85
1677,75
1678,65
1679,65
1680,85
1681,75
1682,95
1683,55
1684,52
1685,65
1686,85
1687,75
1688,75
1689,75
1690,65
1691,75
1692,75
1693,85
1694,65
1695,85
1696,75
1697,80
1698,52
1699,85
1700,65
1701,85
1702,65
1703,85
1704,85
1705,90
1706,65
1707,85
1708,100
1709,65
1710,90
1711,75
1712,85
1713,85
1714,95
1715,100
1716,85
1717,60
1718,60
1719,90
1720,85
1721,52
1722,65
1723,65
1724,65
1725,85
1726,85
1727,80
1728,85
1729,65
1730,100
1731,90
1732,85
1733,75
1734,65
1735,52
1736,85
1737,65
1738,85
1739,60
1740,75
1741,85
1742,75
1743,65
1744,65
1745,75
1746,65
1747,100
1748,85
1749,70
1750,65
1751,85
1752,90
1753,85
1754,80
1755,85
1756,90
1757,65
1758,75
1759,75
1760,50
1761,65
1762,55
1763,65
1764,95
1765,75
1766,85
1767,90
1768,55
1769,75
1770,75
1771,65
1772,90
1773,65
1774,85
1775,80
1776,75
1777,75
1778,70
1779,90
1780,85
1781,70
1782,85
1783,85
1784,85
1785,90
1786,70
1787,75
1788,65
1789,65
1790,85
1791,85
1792,75
1793,90
1794,65
1795,75
1796,80
1797,65
1798,100
1799,75
1800,75
1801,60
1802,75
1803,70
1804,95
1805,70
1806,65
1807,80
1808,70
1809,70
1810,85
1811,85
1812,100
1813,95
1814,75
1815,52
1816,70
1817,75
1818,85
1819,85
1820,75
1821,75
1822,70
1823,70
1824,70
1825,85
1826,85
1827,85
1828,65
1829,100
1830,65
1831,50
1832,52
1833,75
1834,65
1835,100
1836,65
1837,85
1838,95
1839,70
1840,85
1841,60
1842,70
1843,90
1844,85
1845,65
1846,95
1847,52
1848,100
1849,65
1850,80
1851,90
1852,90
1853,75
1854,60
1855,75
1856,90
1857,75
1858,60
1859,75
1860,65
1861,65
1862,85
1863,55
1864,95
1865,65
1866,85
1867,70
1868,85
1869,95
1870,55
1871,85
1872,75
1873,52
1874,100
1875,75
1876,60
1877,60
1878,85
1879,52
1880,70
1881,85
1882,65
1883,70
1884,75
1885,85
1886,85
1887,55
1888,52
1889,65
1890,70
1891,65
1892,65
1893,70
1894,90
1895,85
1896,95
1897,85
1898,75
1899,75
1900,80
1901,85
1902,65
1903,65
1904,75
1905,75
1906,85
1907,90
1908,75
1909,65
1910,52
1911,75
1912,85
1913,95
1914,70
1915,70
1916,90
1917,85
1918,80
1919,75
1920,85
1921,75
1922,65
1923,52
1924,85
1925,75
1926,65
1927,85
1928,65
1929,52
1930,75
1931,75
1932,52
1933,90
1934,85
1935,65
1936,85
1937,95
1938,65
1939,75
1940,85
1941,90
1942,85
1943,90
1944,65
1945,65
1946,85
1947,65
1948,80
1949,75
1950,85
1951,75
1952,85
1953,85
1954,70
1955,70
1956,85
1957,65
1958,75
1959,90
1960,65
1961,90
1962,75
1963,60
1964,65
1965,75
1966,85
1967,70
1968,85
1969,75
1970,85
1971,85
1972,65
1973,65
1974,75
1975,100
1976,85
1977,60
1978,75
1979,85
1980,95
1981,65
1982,75
1983,50
1984,65
1985,75
1986,65
1987,90
1988,85
1989,100
1990,52
1991,75
1992,65
1993,75
1994,65
1995,70
1996,85
1997,85
1998,95
1999,70
2000,85
2001,85
2002,85
2003,65
2004,95
2005,75
2006,65
2007,65
2008,70
2009,85
2010,65
2011,75
2012,80
2013,75
2014,65
2015,65
2016,70
2017,70
2018,85
2019,75
2020,70
2021,85
2022,85
2023,60
2024,90
2025,75
2026,85
2027,75
2028,65
2029,85
2030,55
2031,90
2032,65
2033,95
2034,75
2035,75
2036,70
2037,100
2038,75
2039,85
2040,75
2041,52
2042,80
2043,90
2044,75
2045,85
2046,65
2047,85
2048,95
2049,90
2050,95
2051,85
2052,75
2053,75
2054,85
2055,75
2056,70
2057,70
2058,100
2059,65
2060,75
2061,65
2062,65
2063,65
2064,85
2065,70
2066,75
2067,75
2068,65
2069,85
2070,90
2071,85
2072,75
2073,70
2074,60
2075,50
2076,85
2077,65
2078,75
2079,90
2080,65
2081,70
2082,90
2083,65
2084,70
2085,90
2086,65
2087,85
2088,85
2089,85
2090,90
2091,90
2092,85
2093,75
2094,60
2095,85
2096,75
2097,85
2098,75
2099,70
2100,65
2101,85
2102,85
2103,95
2104,85
2105,75
2106,60
2107,90
2108,70
2109,65
2110,85
2111,80
2112,75
2113,85
2114,85
2115,60
2116,85
2117,52
2118,65
2119,75
2120,70
2121,65
2122,85
2123,65
2124,95
2125,75
2126,85
2127,85
2128,95
2129,65
2130,85
2131,85
2132,85
2133,90
2134,85
2135,85
2136,65
2137,95
2138,85
2139,80
2140,75
2141,75
2142,70
2143,75
2144,65
2145,95
2146,85
2147,60
2148,75
2149,85
2150,60
2151,85
2152,65
2153,75
2154,95
2155,85
2156,75
2157,85
2158,65
2159,65
2160,80
2161,75
2162,85
2163,55
2164,52
2165,85
2166,85
2167,75
2168,65
2169,55
2170,65
2171,85
2172,85
2173,75
2174,65
2175,75
2176,85
2177,75
2178,75
2179,70
2180,85
2181,85
2182,75
2183,85
2184,90
2185,80
2186,65
2187,85
2188,95
2189,90
2190,52
2191,75
2192,90
2193,85
2194,55
2195,85
2196,85
2197,85
2198,100
2199,75
2200,60
2201,95
2202,75
2203,85
2204,90
2205,65
2206,85
2207,85
2208,80
2209,85
2210,100
2211,65
2212,65
2213,85
2214,65
2215,85
2216,70
2217,70
2218,85
2219,70
2220,52
2221,65
2222,85
2223,60
2224,70
2225,52
2226,60
2227,65
2228,65
2229,50
2230,95
2231,75
2232,85
2233,75
2234,85
2235,65
2236,75
2237,75
2238,85
2239,85
2240,70
2241,65
2242,90
2243,65
2244,55
2245,65
2246,75
2247,90
2248,65
2249,60
2250,65
2251,75
2252,60
2253,90
2254,52
2255,95
2256,65
2257,65
2258,85
2259,65
2260,75
2261,60
2262,85
2263,70
2264,52
2265,70
2266,85
2267,52
2268,75
2269,65
2270,85
2271,75
2272,85
2273,65
2274,70
2275,85
2276,85
2277,90
2278,60
2279,70
2280,65
2281,65
2282,85
2283,75
2284,85
2285,90
2286,65
2287,50
2288,65
2289,75
2290,65
2291,55
2292,100
2293,55
2294,90
2295,65
2296,65
2297,75
2298,85
2299,90
2300,95
2301,55
2302,85
2303,75
2304,65
2305,55
2306,70
2307,65
2308,85
2309,65
2310,80
2311,65
2312,60
2313,70
2314,65
2315,85
2316,80
2317,70
2318,85
2319,90
2320,65
2321,52
2322,70
2323,75
2324,60
2325,85
2326,85
2327,95
2328,85
2329,75
2330,85
2331,75
2332,65
2333,65
2334,65
2335,85
2336,65
2337,65
2338,95
2339,75
2340,90
2341,65
2342,65
2343,70
2344,65
2345,85
2346,75
2347,60
2348,65
2349,70
2350,95
2351,95
2352,65
2353,85
2354,95
2355,85
2356,80
2357,65
2358,85
2359,65
2360,65
2361,65
2362,75
2363,70
2364,85
2365,65
2366,75
2367,75
2368,65
2369,75
2370,90
2371,52
2372,65
2373,85
2374,85
2375,75
2376,85
2377,85
2378,85
2379,65
2380,75
2381,65
2382,75
2383,85
2384,85
2385,60
2386,65
2387,75
2388,75
2389,75
2390,85
2391,85
2392,90
2393,80
2394,75
2395,75
2396,85
2397,65
2398,65
2399,85
2400,80
2401,85
2402,85
2403,85
2404,85
2405,65
2406,75
2407,100
2408,90
2409,85
2410,95
2411,65
2412,85
2413,90
2414,65
2415,90
2416,65
2417,95
2418,90
2419,100
2420,75
2421,80
2422,85
2423,65
2424,75
2425,95
2426,70
2427,85
2428,65
2429,90
2430,85
2431,85
2432,75
2433,75
2434,65
2435,65
2436,65
2437,75
2438,65
2439,80
2440,95
2441,60
2442,85
2443,65
2444,95
2445,85
2446,65
2447,100
2448,90
2449,65
2450,85
2451,100
2452,85
2453,90
2454,85
2455,75
2456,65
2457,90
2458,85
2459,52
2460,75
2461,85
2462,65
2463,65
2464,75
2465,85
2466,65
2467,65
2468,100
2469,70
2470,90
2471,75
2472,95
2473,65
2474,75
2475,75
2476,75
2477,85
2478,75
2479,65
2480,85
2481,90
2482,85
2483,70
2484,90
2485,75
2486,65
2487,70
2488,70
2489,85
2490,65
2491,65
2492,70
2493,85
2494,85
2495,65
2496,65
2497,90
2498,70
2499,75
2500,85
2501,85
2502,70
2503,75
2504,70
2505,90
2506,75
2507,65
2508,100
2509,52
2510,65
2511,85
2512,85
2513,90
2514,85
2515,70
2516,85
2517,75
2518,60
2519,75
2520,85
2521,85
2522,85
2523,75
2524,85
2525,65
2526,65
2527,65
2528,85
2529,65
2530,100
2531,75
2532,65
2533,75
2534,85
2535,75
2536,75
2537,70
2538,95
2539,65
2540,85
2541,65
2542,85
2543,50
2544,75
2545,70
2546,70
2547,70
2548,85
2549,100
2550,85
2551,80
2552,70
2553,65
2554,65
2555,90
2556,80
2557,65
2558,95
2559,85
2560,70
2561,65
2562,85
2563,85
2564,70
2565,52
2566,75
2567,75
2568,85
2569,90
2570,85
2571,85
2572,95
2573,80
2574,70
2575,65
2576,75
2577,75
2578,85
2579,85
2580,85
2581,85
2582,75
2583,70
2584,65
2585,95
2586,90
2587,65
2588,75
2589,65
2590,90
2591,90
2592,80
2593,70
2594,65
2595,65
2596,60
2597,65
2598,65
2599,100
2600,90
2601,65
2602,85
2603,85
2604,85
2605,75
2606,65
2607,65
2608,60
2609,85
2610,85
2611,85
2612,90
2613,90
2614,80
2615,65
2616,85
2617,75
2618,85
2619,65
2620,65
2621,65
2622,65
2623,65
2624,75
2625,85
2626,75
2627,70
2628,85
2629,55
2630,85
2631,65
2632,95
2633,75
2634,85
2635,85
2636,65
2637,65
2638,90
2639,75
2640,75
2641,70
2642,75
2643,70
2644,70
2645,70
2646,65
2647,85
2648,70
2649,90
2650,70
2651,65
2652,55
2653,85
2654,85
2655,80
2656,100
2657,90
2658,85
2659,85
2660,65
2661,85
2662,90
2663,85
2664,65
2665,75
2666,65
2667,70
2668,85
2669,70
2670,85
2671,90
2672,90
2673,85
2674,75
2675,70
2676,70
2677,70
2678,95
2679,85
2680,65
2681,85
2682,100
2683,90
2684,85
2685,85
2686,65
2687,65
2688,75
2689,85
2690,75
2691,65
2692,95
2693,85
2694,60
2695,70
2696,85
2697,90
2698,85
2699,85
2700,85
2701,90
2702,75
2703,85
2704,65
2705,70
2706,90
2707,60
2708,75
2709,50
2710,90
2711,52
2712,80
2713,75
2714,65
2715,52
2716,70
2717,60
2718,65
2719,65
2720,65
2721,70
2722,85
2723,70
2724,75
2725,65
2726,75
2727,85
2728,85
2729,75
2730,95
2731,90
2732,75
2733,65
2734,65
2735,90
2736,65
2737,60
2738,85
2739,85
2740,65
2741,70
2742,95
2743,65
2744,75
2745,75
2746,80
2747,100
2748,90
2749,75
2750,90
2751,65
2752,85
2753,75
2754,100
2755,75
2756,75
2757,85
2758,85
2759,70
2760,85
2761,90
2762,85
2763,65
2764,75
2765,50
2766,65
2767,80
2768,80
2769,85
2770,65
2771,90
2772,85
2773,90
2774,52
2775,75
2776,65
2777,75
2778,90
2779,65
2780,75
2781,75
2782,85
2783,65
2784,70
2785,75
2786,70
2787,75
2788,90
2789,75
2790,75
2791,80
2792,75
2793,70
2794,70
2795,90
2796,65
2797,70
2798,85
2799,70
2800,90
2801,90
2802,85
2803,75
2804,100
2805,100
2806,55
2807,85
2808,52
2809,65
2810,75
2811,85
2812,75
2813,95
2814,70
2815,85
2816,65
2817,90
2818,52
2819,80
2820,65
2821,85
2822,85
2823,75
2824,65
2825,85
2826,85
2827,85
2828,100
2829,65
2830,100
2831,65
2832,90
2833,90
2834,75
2835,65
2836,85
2837,65
2838,70
2839,65
2840,65
2841,65
2842,85
2843,95
2844,65
2845,85
2846,80
2847,85
2848,65
2849,75
2850,55
2851,50
2852,85
2853,90
2854,70
2855,55
2856,85
2857,75
2858,65
2859,70
2860,70
2861,85
2862,90
2863,60
2864,55
2865,85
2866,100
2867,85
2868,65
2869,85
2870,65
2871,85
2872,52
2873,100
2874,52
2875,75
2876,75
2877,75
2878,75
2879,65
2880,85
2881,85
2882,75
2883,75
2884,75
2885,80
2886,85
2887,70
2888,65
2889,85
2890,75
2891,75
2892,70
2893,70
2894,85
2895,65
2896,85
2897,90
2898,90
2899,85
2900,100
2901,65
2902,85
2903,65
2904,75
2905,75
2906,65
2907,100
2908,95
2909,65
2910,70
2911,85
2912,85
2913,75
2914,85
2915,85
2916,65
2917,75
2918,100
2919,52
2920,95
2921,90
2922,100
2923,70
2924,95
2925,65
2926,65
2927,65
2928,85
2929,85
2930,100
2931,80
2932,65
2933,75
2934,70
2935,65
2936,65
2937,100
2938,85
2939,85
2940,70
2941,85
2942,65
2943,70
2944,75
2945,85
2946,52
2947,85
2948,85
2949,65
2950,85
2951,90
2952,70
2953,65
2954,65
2955,80
2956,100
2957,65
2958,85
2959,75
2960,100
2961,85
2962,75
2963,75
2964,85
2965,70
2966,85
2967,85
2968,65
2969,70
2970,90
2971,65
2972,85
2973,65
2974,85
2975,85
2976,75
2977,70
2978,75
2979,100
2980,80
2981,65
2982,75
2983,75
2984,100
2985,85
2986,65
2987,75
2988,70
2989,65
2990,65
2991,85
2992,75
2993,90
2994,65
2995,85
2996,80
2997,75
2998,80
2999,90
3000,85
3001,85
3002,85
3003,65
3004,95
3005,70
3006,70
3007,52
3008,85
3009,75
3010,52
3011,65
3012,65
3013,65
3014,70
3015,65
3016,90
3017,85
3018,65
3019,75
3020,65
3021,65
3022,85
3023,85
3024,85
3025,85
3026,75
3027,52
3028,65
3029,85
3030,90
3031,65
3032,60
3033,90
3034,65
3035,65
3036,65
3037,80
3038,85
3039,65
3040,65
3041,85
3042,85
3043,75
3044,85
3045,65
3046,85
3047,65
3048,100
3049,80
3050,85
3051,65
3052,65
3053,65
3054,65
3055,85
3056,85
3057,65
3058,65
3059,70
3060,85
3061,85
3062,90
3063,85
3064,85
3065,95
3066,80
3067,75
3068,85
3069,70
3070,65
3071,75
3072,70
3073,70
3074,95
3075,65
3076,90
3077,90
3078,100
3079,100
3080,65
3081,65
3082,60
3083,52
3084,55
3085,65
3086,85
3087,60
3088,85
3089,65
3090,85
3091,65
3092,65
3093,65
3094,95
3095,75
3096,65
3097,85
3098,60
3099,75
3100,75
3101,95
3102,70
3103,75
3104,85
3105,70
3106,55
3107,75
3108,85
3109,65
3110,85
3111,95
3112,52
3113,85
3114,100
3115,85
3116,65
3117,85
3118,65
3119,65
3120,65
3121,65
3122,75
3123,65
3124,95
3125,75
3126,80
3127,70
3128,65
3129,65
3130,85
3131,65
3132,65
3133,85
3134,65
3135,85
3136,75
3137,65
3138,75
3139,85
3140,55
3141,85
3142,85
3143,75
3144,75
3145,80
3146,70
3147,50
3148,90
3149,65
3150,60
3151,85
3152,60
3153,95
3154,75
3155,75
3156,65
3157,70
3158,85
3159,90
3160,75
3161,90
3162,85
3163,85
3164,60
3165,90
3166,70
3167,65
3168,65
3169,95
3170,75
3171,75
3172,70
3173,80
3174,90
3175,65
3176,65
3177,60
3178,80
3179,85
3180,75
3181,65
3182,85
3183,55
3184,90
3185,80
3186,85
3187,52
3188,65
3189,75
3190,55
3191,85
3192,75
3193,85
3194,75
3195,65
3196,90
3197,85
3198,85
3199,75
3200,65
3201,85
3202,75
3203,90
3204,65
3205,52
3206,65
3207,75
3208,85
3209,90
3210,80
3211,65
3212,65
3213,85
3214,90
3215,100
3216,90
3217,70
3218,65
3219,65
3220,55
3221,65
3222,65
3223,65
3224,100
3225,65
3226,85
3227,75
3228,70
3229,65
3230,90
3231,85
3232,100
3233,75
3234,65
3235,90
3236,65
3237,75
3238,85
3239,52
3240,75
3241,70
3242,65
3243,90
3244,65
3245,65
3246,100
3247,75
3248,90
3249,85
3250,75
3251,90
3252,70
3253,85
3254,65
3255,60
3256,65
3257,52
3258,85
3259,70
3260,70
3261,90
3262,65
3263,65
3264,65
3265,100
3266,65
3267,90
3268,65
3269,100
3270,70
3271,75
3272,95
3273,85
3274,95
3275,75
3276,50
3277,100
3278,90
3279,85
3280,85
3281,60
3282,85
3283,75
3284,65
3285,55
3286,65
3287,75
3288,100
3289,85
3290,85
3291,65
3292,75
3293,85
3294,85
3295,85
3296,75
3297,100
3298,65
3299,75
3300,60
3301,85
3302,85
3303,52
3304,85
3305,85
3306,100
3307,85
3308,65
3309,75
3310,75
3311,65
3312,52
3313,90
3314,65
3315,95
3316,65
3317,100
3318,80
3319,75
3320,85
3321,65
3322,65
3323,75
3324,85
3325,75
3326,95
3327,85
3328,85
3329,90
3330,100
3331,65
3332,85
3333,95
3334,65
3335,85
3336,90
3337,80
3338,95
3339,65
3340,65
3341,100
3342,85
3343,75
3344,85
3345,65
3346,95
3347,85
3348,65
3349,60
3350,95
3351,90
3352,75
3353,85
3354,85
3355,55
3356,65
3357,85
3358,60
3359,65
3360,85
3361,75
3362,65
3363,85
3364,65
3365,90
3366,85
3367,95
3368,100
3369,55
3370,90
3371,55
3372,95
3373,75
3374,65
3375,75
3376,85
3377,65
3378,65
3379,75
3380,80
3381,85
3382,70
3383,85
3384,65
3385,75
3386,90
3387,85
3388,60
3389,65
3390,90
3391,65
3392,75
3393,75
3394,85
3395,75
3396,75
3397,85
3398,65
3399,65
3400,52
3401,95
3402,55
3403,65
3404,75
3405,75
3406,60
3407,85
3408,60
3409,85
3410,75
3411,70
3412,65
3413,75
3414,65
3415,90
3416,65
3417,80
3418,90
3419,85
3420,95
3421,70
3422,70
3423,55
3424,50
3425,90
3426,70
3427,65
3428,75
3429,60
3430,65
3431,90
3432,70
3433,90
3434,75
3435,52
3436,65
3437,65
3438,100
3439,95
3440,75
3441,85
3442,85
3443,70
3444,95
3445,85
3446,85
3447,90
3448,85
3449,70
3450,100
3451,75
3452,65
3453,90
3454,70
3455,85
3456,75
3457,70
3458,85
3459,60
3460,65
3461,75
3462,95
3463,65
3464,65
3465,70
3466,75
3467,75
3468,85
3469,70
3470,100
3471,90
3472,85
3473,85
3474,85
3475,80
3476,65
3477,75
3478,75
3479,85
3480,75
3481,90
3482,65
3483,85
3484,85
3485,70
3486,65
3487,70
3488,75
3489,75
3490,65
3491,65
3492,75
3493,65
3494,90
3495,85
3496,85
3497,80
3498,70
3499,65
3500,75
3501,75
3502,75
3503,85
3504,70
3505,85
3506,65
3507,52
3508,65
3509,65
3510,65
3511,65
3512,95
3513,85
3514,52
3515,65
3516,85
3517,70
3518,65
3519,75
3520,85
3521,75
3522,65
3523,85
3524,60
3525,85
3526,80
3527,75
3528,65
3529,70
3530,75
3531,70
3532,60
3533,65
3534,85
3535,75
3536,90
3537,80
3538,65
3539,65
3540,85
3541,70
3542,75
3543,75
3544,95
3545,70
3546,52
3547,80
3548,85
3549,60
3550,50
3551,100
3552,75
3553,65
3554,85
3555,65
3556,75
3557,75
3558,85
3559,65
3560,60
3561,75
3562,75
3563,75
3564,85
3565,85
3566,95
3567,65
3568,65
3569,85
3570,70
3571,65
3572,95
3573,65
3574,75
3575,75
3576,80
3577,85
3578,75
3579,50
3580,85
3581,80
3582,65
3583,85
3584,52
3585,75
3586,85
3587,65
3588,85
3589,65
3590,70
3591,90
3592,65
3593,70
3594,90
3595,65
3596,85
3597,75
3598,85
3599,65
3600,75
3601,70
3602,90
3603,90
3604,85
3605,65
3606,85
3607,60
3608,65
3609,65
3610,65
3611,85
3612,75
3613,100
3614,70
3615,85
3616,90
3617,85
3618,65
3619,85
3620,85
3621,85
3622,90
3623,65
3624,85
3625,60
3626,75
3627,70
3628,65
3629,70
3630,75
3631,70
3632,75
3633,80
3634,65
3635,85
3636,85
3637,85
3638,85
3639,75
3640,65
3641,85
3642,52
3643,90
3644,90
3645,90
3646,85
3647,95
3648,55
3649,85
3650,80
3651,80
3652,95
3653,85
3654,80
3655,90
3656,70
3657,75
3658,95
3659,65
3660,85
3661,85
3662,85
3663,65
3664,85
3665,85
3666,65
3667,85
3668,85
3669,60
3670,90
3671,75
3672,65
3673,55
3674,70
3675,85
3676,75
3677,85
3678,80
3679,75
3680,95
3681,65
3682,100
3683,65
3684,75
3685,75
3686,75
3687,75
3688,75
3689,75
3690,85
3691,90
3692,65
3693,75
3694,65
3695,85
3696,75
3697,70
3698,85
3699,85
3700,85
3701,100
3702,65
3703,75
3704,85
3705,75
3706,65
3707,80
3708,85
3709,85
3710,85
3711,85
3712,70
3713,80
3714,85
3715,70
3716,70
3717,80
3718,75
3719,90
3720,70
3721,90
3722,85
3723,85
3724,75
3725,60
3726,60
3727,75
3728,85
3729,80
3730,75
3731,90
3732,95
3733,70
3734,85
3735,75
3736,75
3737,65
3738,55
3739,85
3740,90
3741,65
3742,60
3743,65
3744,65
3745,85
3746,95
3747,80
3748,90
3749,90
3750,65
3751,70
3752,85
3753,85
3754,65
3755,75
3756,65
3757,85
3758,75
3759,52
3760,75
3761,65
3762,70
3763,75
3764,65
3765,75
3766,100
3767,65
3768,75
3769,95
3770,70
3771,95
3772,75
3773,65
3774,80
3775,70
3776,75
3777,85
3778,65
3779,90
3780,70
3781,85
3782,95
3783,90
3784,70
3785,65
3786,60
3787,80
3788,75
3789,70
3790,95
3791,65
3792,75
3793,85
3794,65
3795,90
3796,85
3797,75
3798,85
3799,95
3800,95
3801,85
3802,70
3803,70
3804,75
3805,65
3806,75
3807,55
3808,75
3809,75
3810,85
3811,90
3812,100
3813,70
3814,75
3815,75
3816,52
3817,85
3818,85
3819,65
3820,85
3821,85
3822,70
3823,85
3824,75
3825,65
3826,55
3827,85
3828,65
3829,60
3830,65
3831,90
3832,60
3833,75
3834,85
3835,90
3836,90
3837,65
3838,75
3839,85
3840,85
3841,85
3842,75
3843,65
3844,65
3845,90
3846,85
3847,65
3848,90
3849,90
3850,85
3851,65
3852,65
3853,75
3854,85
3855,75
3856,75
3857,70
3858,85
3859,65
3860,70
3861,70
3862,75
3863,70
3864,85
3865,85
3866,75
3867,85
3868,85
3869,70
3870,65
3871,85
3872,75
3873,100
3874,75
3875,80
3876,85
3877,100
3878,90
3879,95
3880,65
3881,70
3882,80
3883,85
3884,70
3885,85
3886,75
3887,85
3888,85
3889,85
3890,65
3891,85
3892,75
3893,85
3894,95
3895,75
3896,75
3897,70
3898,90
3899,70
3900,65
3901,65
3902,65
3903,65
3904,65
3905,75
3906,75
3907,75
3908,75
3909,90
3910,60
3911,85
3912,65
3913,75
3914,90
3915,85
3916,100
3917,70
3918,75
3919,75
3920,70
3921,65
3922,70
3923,65
3924,75
3925,60
3926,80
3927,100
3928,85
3929,85
3930,100
3931,85
3932,75
3933,50
3934,85
3935,75
3936,85
3937,55
3938,75
3939,60
3940,85
3941,52
3942,75
3943,85
3944,85
3945,52
3946,55
3947,65
3948,65
3949,52
3950,85
3951,70
3952,75
3953,75
3954,85
3955,90
3956,80
3957,65
3958,75
3959,75
3960,85
3961,85
3962,85
3963,65
3964,70
3965,75
3966,70
3967,75
3968,70
3969,90
3970,80
3971,75
3972,90
3973,65
3974,75
3975,85
3976,80
3977,65
3978,90
3979,90
3980,65
3981,55
3982,65
3983,85
3984,75
3985,85
3986,65
3987,85
3988,85
3989,85
3990,65
3991,70
3992,85
3993,52
3994,70
3995,85
3996,85
3997,70
3998,80
3999,70
4000,85
4001,75
4002,65
4003,75
4004,85
4005,65
4006,75
4007,80
4008,90
4009,50
4010,90
4011,70
4012,65
4013,85
4014,95
4015,55
4016,85
4017,90
4018,85
4019,55
4020,65
4021,75
4022,75
4023,65
4024,70
4025,85
4026,85
4027,85
4028,70
4029,85
4030,75
4031,75
4032,60
4033,85
4034,80
4035,65
4036,75
4037,100
4038,85
4039,100
4040,85
4041,65
4042,65
4043,90
4044,65
4045,95
4046,85
4047,65
4048,75
4049,90
4050,55
4051,70
4052,80
4053,75
4054,65
4055,75
4056,70
4057,65
4058,65
4059,70
4060,85
4061,95
4062,52
4063,60
4064,75
4065,70
4066,80
4067,80
4068,65
4069,85
4070,90
4071,80
4072,65
4073,85
4074,85
4075,70
4076,80
4077,75
4078,65
4079,85
4080,65
4081,60
4082,85
4083,75
4084,52
4085,75
4086,75
4087,85
4088,90
4089,85
4090,65
4091,90
4092,65
4093,80
4094,65
4095,85
4096,70
4097,65
4098,60
4099,85
4100,85
4101,100
4102,65
4103,70
4104,75
4105,60
4106,100
4107,85
4108,85
4109,80
4110,60
4111,75
4112,75
4113,85
4114,85
4115,85
4116,55
4117,85
4118,90
